[
  {
    "id": "london",
    "slug": "london",
    "name": "London",
    "admin1": "England",
    "country_name": "United Kingdom",
    "country_code": "GB",
    "latitude": 51.5074,
    "longitude": -0.1278,
    "timezone": "Europe/London",
    "tier": "global"
  },
  {
    "id": "manchester",
    "slug": "manchester",
    "name": "Manchester",
    "admin1": "England",
    "country_name": "United Kingdom",
    "country_code": "GB",
    "latitude": 53.4808,
    "longitude": -2.2426,
    "timezone": "Europe/London",
    "tier": "global"
  },
  {
    "id": "birmingham",
    "slug": "birmingham",
    "name": "Birmingham",
    "admin1": "England",
    "country_name": "United Kingdom",
    "country_code": "GB",
    "latitude": 52.4862,
    "longitude": -1.8904,
    "timezone": "Europe/London",
    "tier": "global"
  },
  {
    "id": "edinburgh",
    "slug": "edinburgh",
    "name": "Edinburgh",
    "admin1": "Scotland",
    "country_name": "United Kingdom",
    "country_code": "GB",
    "latitude": 55.9533,
    "longitude": -3.1883,
    "timezone": "Europe/London",
    "tier": "global"
  },
  {
    "id": "glasgow",
    "slug": "glasgow",
    "name": "Glasgow",
    "admin1": "Scotland",
    "country_name": "United Kingdom",
    "country_code": "GB",
    "latitude": 55.8642,
    "longitude": -4.2518,
    "timezone": "Europe/London",
    "tier": "global"
  },
  {
    "id": "liverpool",
    "slug": "liverpool",
    "name": "Liverpool",
    "admin1": "England",
    "country_name": "United Kingdom",
    "country_code": "GB",
    "latitude": 53.4084,
    "longitude": -2.9916,
    "timezone": "Europe/London",
    "tier": "global"
  },
  {
    "id": "bristol",
    "slug": "bristol",
    "name": "Bristol",
    "admin1": "England",
    "country_name": "United Kingdom",
    "country_code": "GB",
    "latitude": 51.4545,
    "longitude": -2.5879,
    "timezone": "Europe/London",
    "tier": "global"
  },
  {
    "id": "cardiff",
    "slug": "cardiff",
    "name": "Cardiff",
    "admin1": "Wales",
    "country_name": "United Kingdom",
    "country_code": "GB",
    "latitude": 51.4816,
    "longitude": -3.1791,
    "timezone": "Europe/London",
    "tier": "global"
  },
  {
    "id": "belfast",
    "slug": "belfast",
    "name": "Belfast",
    "admin1": "Northern Ireland",
    "country_name": "United Kingdom",
    "country_code": "GB",
    "latitude": 54.5973,
    "longitude": -5.9301,
    "timezone": "Europe/London",
    "tier": "global"
  },
  {
    "id": "dublin",
    "slug": "dublin",
    "name": "Dublin",
    "admin1": "Leinster",
    "country_name": "Ireland",
    "country_code": "IE",
    "latitude": 53.3498,
    "longitude": -6.2603,
    "timezone": "Europe/Dublin",
    "tier": "global"
  },
  {
    "id": "cork",
    "slug": "cork",
    "name": "Cork",
    "admin1": "Munster",
    "country_name": "Ireland",
    "country_code": "IE",
    "latitude": 51.8985,
    "longitude": -8.4756,
    "timezone": "Europe/Dublin",
    "tier": "global"
  },
  {
    "id": "galway",
    "slug": "galway",
    "name": "Galway",
    "admin1": "Connacht",
    "country_name": "Ireland",
    "country_code": "IE",
    "latitude": 53.2707,
    "longitude": -9.0568,
    "timezone": "Europe/Dublin",
    "tier": "global"
  },
  {
    "id": "new_york",
    "slug": "new-york",
    "name": "New York",
    "admin1": "New York",
    "country_name": "United States",
    "country_code": "US",
    "latitude": 40.7128,
    "longitude": -74.0060,
    "timezone": "America/New_York",
    "tier": "global"
  },
  {
    "id": "chicago",
    "slug": "chicago",
    "name": "Chicago",
    "admin1": "Illinois",
    "country_name": "United States",
    "country_code": "US",
    "latitude": 41.8781,
    "longitude": -87.6298,
    "timezone": "America/Chicago",
    "tier": "global"
  },
  {
    "id": "san_francisco",
    "slug": "san-francisco",
    "name": "San Francisco",
    "admin1": "California",
    "country_name": "United States",
    "country_code": "US",
    "latitude": 37.7749,
    "longitude": -122.4194,
    "timezone": "America/Los_Angeles",
    "tier": "global"
  },
  {
    "id": "los_angeles",
    "slug": "los-angeles",
    "name": "Los Angeles",
    "admin1": "California",
    "country_name": "United States",
    "country_code": "US",
    "latitude": 34.0522,
    "longitude": -118.2437,
    "timezone": "America/Los_Angeles",
    "tier": "global"
  },
  {
    "id": "sydney",
    "slug": "sydney",
    "name": "Sydney",
    "admin1": "New South Wales",
    "country_name": "Australia",
    "country_code": "AU",
    "latitude": -33.8688,
    "longitude": 151.2093,
    "timezone": "Australia/Sydney",
    "tier": "global"
  },
  {
    "id": "melbourne",
    "slug": "melbourne",
    "name": "Melbourne",
    "admin1": "Victoria",
    "country_name": "Australia",
    "country_code": "AU",
    "latitude": -37.8136,
    "longitude": 144.9631,
    "timezone": "Australia/Melbourne",
    "tier": "global"
  },
  {
    "id": "auckland",
    "slug": "auckland",
    "name": "Auckland",
    "admin1": "Auckland",
    "country_name": "New Zealand",
    "country_code": "NZ",
    "latitude": -36.8485,
    "longitude": 174.7633,
    "timezone": "Pacific/Auckland",
    "tier": "global"
  },
  {
    "id": "toronto",
    "slug": "toronto",
    "name": "Toronto",
    "admin1": "Ontario",
    "country_name": "Canada",
    "country_code": "CA",
    "latitude": 43.6532,
    "longitude": -79.3832,
    "timezone": "America/Toronto",
    "tier": "global"
  },
  {
    "id": "vancouver",
    "slug": "vancouver",
    "name": "Vancouver",
    "admin1": "British Columbia",
    "country_name": "Canada",
    "country_code": "CA",
    "latitude": 49.2827,
    "longitude": -123.1207,
    "timezone": "America/Vancouver",
    "tier": "global"
  },
  {
    "id": "singapore",
    "slug": "singapore",
    "name": "Singapore",
    "admin1": "Singapore",
    "country_name": "Singapore",
    "country_code": "SG",
    "latitude": 1.3521,
    "longitude": 103.8198,
    "timezone": "Asia/Singapore",
    "tier": "global"
  },
  {
    "id": "hong_kong",
    "slug": "hong-kong",
    "name": "Hong Kong",
    "admin1": "Hong Kong",
    "country_name": "Hong Kong",
    "country_code": "HK",
    "latitude": 22.3193,
    "longitude": 114.1694,
    "timezone": "Asia/Hong_Kong",
    "tier": "global"
  },
  {
    "id": "cape_town",
    "slug": "cape-town",
    "name": "Cape Town",
    "admin1": "Western Cape",
    "country_name": "South Africa",
    "country_code": "ZA",
    "latitude": -33.9249,
    "longitude": 18.4241,
    "timezone": "Africa/Johannesburg",
    "tier": "global"
  }
]
